Name,Major,Class,Favorite Coffeshop Drink,Favorite Fruit,Favorite Code Editor,Favorite Programming Language,Birthplace,OS of Choice,Favorite Animal,Favorite Color,Favorite Class this sem.,Favorite Game,Favorite Food,Spoken Languages Fluent,Favorite #,Favorite Physical Activity to Play,Favorite Physical Activity to Watch,Favorite Show,Favorite Pokemon,Favorite Social Network,Python experience?,Favorite Hobby
Wade,Computer Science,,Latte,,Atom,JavaScript,"USA, Maryland",Windows,Human,Turquoise,,Keystone,BBQ,1,-3,Running,Ice Skating,House of Cards,Ditto,Twitter,,
Cinda,Applied Math,,Latte,Peach,vim,Python,"USA, California",OS X,Human,Yellow,,Ticket to Ride,Sushi,1,32,Biking,Volleyball,Top of the Lake,,Facebook,Yes,Reading
Aaditya,Electrical Engineering,Sophomore,Hot Chocolate,Mango,Atom,C++,"USA, Texas",Windows,Donkey,Purple,CS 296,Badminton,Durian,4,42,Running,Basketball,Always Sunny,Magikarp,Reddit,Some,Violin
Abdul,Computer Science,Sophomore,Mocha Frappucino,Lychee,Atom,Java,USA,Windows,Cheetah,Blue,CS 225,MW2,Sushi,3.5,25,Soccer,Basketball,24,Blastoise,Snapchat,Yes,Sleep
Abdullahi,Computer Science,Sophomore,Tea,Mango,vim,C++,Somalia,Linux,Whale,Blue,MAT 415,Poker,Biryani,3,10,Soccer,Soccer,JoJo,Mankey,Twitter,Yes,Manga
Aidan,CS + Linguistics,Freshman,Hot Chocolate,Mangostene,Sublime Text,Scala,"USA, Virginia",Windows,Squirrel,Green,CS 412,League of Legends,Pasta,2,INT_MAX,Ultimate Frisbee,,Sherlock,Emolga,Facebook,Yes,Guitar
Alan,Computer Science,Freshman,Bubble Tea,Blueberry,,Python,USA,OS X,Rabbit,Red,,,Burrito,3,7,Swimming,Swimming,Changes but currently Firefly,Umbreon,Snapchat,Yes,Writing
Alexander,DGS,Sophomore,,Banana,Sublime Text,Python,USA,Windows,Cat,Black,,Total War,Sushi,3,9,Gaming,Weapon fighting,Yahari Ore no Seishun Love Come wa Machigatteiru,Rayquaza,Reddit,Yes,
Allen,System Engineering,Freshman,Milk Tea,,Atom,C++,China,Linux,Whale,Green,CS 296,DotA 2,Ramen,2,,,,bilibili,,,No,Anime
Ameya,Computer Engineering,Junior,Iced White Mocha,Watermelon,Atom,LC3,USA,Windows,Dog,Purple,ECE 391,DotA 2,Pad Thai,1,7,tennis,Football,Game of Thrones,Squirtle,Piazza,Yes,Sleep
Andrew,Computer Science,Freshman,,Strawberry,Atom,Python,USA,Linux,,Red,,ITG,Pizza,1.618033989,2,,,,Infernape,,Yes,Reading
Angelos,Computer Science,Freshman,Latte,Pumpkin,Atom,C++,China,Windows,Tiger,Black,CS 225,Dark Souls,Cheese,2,3.141592654,Basketball,Soccer,True Detective,Meow two,Facebook,No,Film
Arshia,Computer Science,Freshman,Green Tea Latte,Pineapple,Visual Studio,Python,"USA, California",OS X,Tiger,Purple,CS 225,Call of Duty,Dim sum,2,28,Ice skating,Gymnastics,nikita,Bulbasaur,github,Yes,Ice skating
Ayush,CS + Math,Freshman,,Mango,IntelliJ,Java,Russia,Windows,,Black,,FIFA,stir fry,2.67,1/0,Soccer,Cricket,Friends,Charizard,Facebook,Some,Gym
Bobby,CS + Math,Freshman,Bubble Tea,Watermelon,vim,Python,China,Linux,Dog,Blue,CS 296,League of Legends,Steak,2,32767,Rock Climbing,,,,StackOverflow,Yes,Data Structure 
Bowen,Mathematics,Junior,,Banana,vim,Python,Chinda,Windows,Petrel,Cyan,MATH 490,DotA 2,Sushi,2,5.916687664,Basketball,Basketball,How I Met Your Mother,,Slack,Yes,
Bryan,CS + Math,Junior,Bubble Tea,Apple,Visual Studio,Java,Mongolia,Linux,Turtle,#00ffff,CS 225,Overwatch,Ramen,2,3,Running,,One punch man,,Snapchat,Some,existential crisis
Caren,Computer Science,Freshman,Chai,Mango,Atom,Python,"USA, California",Windows,Dog,Green,CS 225,Chess,Kimbap,2,e,Badminton,Gymnastics,Suits,snek,Linkedin,Yes,Cooking
Cheng,Computer Engineering,Sophomore,Milk,Durian,Sublime Text,Ruby,China,Windows,Dog,Yellow,,Cards,Burrito,2,6666,Basketball,eSports,game of throne,caterpie,Tinder,Yes,Guitar
Daksh,Electrical Engineering,Sophomore,Water,Peach,Atom,C#,india,Windows,Dog,Blue,ECE 342,CS:GO,Pizza,2,25,Squash,Cricket,agents of shield,Charizard,,Yes,
Daniel L.,Statistics,Sophomore,Mango Tea,Apple,gedit,Python,Korea,Windows,Dog,Red,STAT 425,FIFA,,2,13,Soccer,Basketball,The Office,Mew,Facebook,Yes,Exercise
Daniel Z.,Computer Science,Freshman,Water,Kiwi,Visual Studio,Python,"USA, Illinois",Windows,Tiger,Black,CS 357,League of Legends,Sushi,2.25,2,Badminton,Basketball,Game of Thrones,Charmander,Piazza,Yes,Gym
Danish,Computer Science,Freshman,White Chocolate Mocha,Watermelon,Sublime Text,Python,USA,Windows,Monkey,Cyan,CS 225,Overwatch,Rice,3,5,Basketball,Basketball,Stein's Gate,Diglet,Snapchat,Yes,Ping pong
Diana,CS + Math,Sophomore,Tea,Watermelon,emacs,C++,"USA, Illinois",Windows,Dog,Turquoise,SPAN 307,,Pierogi,4,12,Swimming,Soccer,Che Dio ci aiuti,,Instagram,Yes,Music
Dolly,Computer Science,Freshman,Green Tea,Watermelon,Sublime Text,C,China,Windows,Dog,Purple,CS 225,Call of Duty,Noodles,2,6,Swimming,Swimming,Scorpion,,WeChat,Some,anything besides coding
Emilio,Computer Science,Freshman,Juice,Apple,Atom,Java,Puerto Rico,Linux,Dog,Blue,CS 225,League of Legends,Steak,2,3.141592654,Fencing,,Flash,Slaking,Reddit,Yes,Singing
Eric,Electrical Engineering,Junior,Oolong Milk Tea,Mango,emacs,Python,USA,Windows,Dog,Blue,ECE 420,Bingo,Ramen,2,,Hiking,,Fringe,,WeChat,,Photography
Gordon,CS + Math,Freshman,Water,Pear,vim,C++,"USA, Tennessee",Linux,Shrimp,Blue,CS 225,DotA 2,Pumpkin bread,2,256,Soccer,Soccer,Breaking Bad,Charizard,Reddit,Yes,
Grant,Computer Science,Freshman,Green Tea,Mango,Atom,Python,"USA, New York",Linux,Penguin,Purple,CS 233,Blackjack,Sushi,3,4,Volleyball,Luge,,Magikarp,Facebook,Yes,Figure Skating
Guohao,Finance,Junior,"Coffee, Iced",Orange,vim,Python,China,Windows,Toad,Green,CS 296,The Binding of Issac,Orange,2,7,Swimming,Soccer,Don't watch TV,Pikachu,WeChat,Yes,
Handi,Computer Science,Freshman,Latte,Watermelon,Sublime Text,Java,China,OS X,Toad,Purple,CS 225,League of Legends,Ramen,3,7,Frisbee,Basketball,Westworld,Deoxys,WeChat,Yes,Meeting People
Harsh,Electrical Engineering,Sophomore,Green Tea,Mango,vim,Python,India,Linux,Dog,Black,ECE 398,,Indian Food,2,7,Football,Football,Game of Thrones,Charizard,Facebook,Yes,Origami
Heng,DGS,Sophomore,Water,Blueberry,Sublime Text,C++,China,OS X,Dog,Blue,CS 225,,Hotpot,2,7,Badminton,,,,WeChat,No,Jogging
Henry,DGS,Sophomore,Iced White Mocha,Mango,Sublime Text,Java,USA,Windows,Dog,Blue,CS 296,Overwatch,Black Bean Noodles,3,25,Badminton,Volleyball,Westworld,Pikachu,Reddit,Yes,Eating
Hung,CS + Math,Junior,Hot Chocolate,,Visual Studio,C++,Malaysia,Windows,Dog,Red,STAT 400,MouseHunt,Nasi Lemak,4,11,Gaming,Anime,Yahari Ore no Seishun Love Come wa Machigatteiru,Pikachu,Facebook,Some,
Ibrahim,Electrical Engineering,Sophomore,Mocha,Orange,Atom,C,USA,Windows,Walrus,Blue,ECE 342,Fallout 3,Steak,2,27,Basketball,Basketball,Parks and Rec,Charizard,Reddit,Yes,Photography
Jackson,Computer Science,Freshman,Hot Chocolate,Grape,Atom,Java,USA,Windows,Dog,Blue,CS 225,Need For Speed,Steak,1,10,Volleyball,Basketball,Impractical Jokers,Charizard,Snapchat,Yes,Snowboarding
Janish,Computer Engineering,Sophomore,Lemon Iced Tea,Apple,Sublime Text,C++,India,Windows,Armadilloooooo,Blue,ECE 385,Arkham Asylum,Thai,4,5,Soccer,Soccer,The Office,Charizard,Tinder,No,Lifting
Jason,DGS,Freshman,Cappuccino,Watermelon,Atom,C++,,OS X,,Atom Green,CS 225,Dark Souls,Anything Cantonese,2,42,Football,eSports,Game of Thrones,Hodor,WeChat,Yes,Reading
Jeannelle,Linguistics,Junior,Green Tea,Grape,Atom,LaTex,"USA, Illinois",Linux,Whale,Purple,LING 415,SimCity 4,Cereal,2,21,Triathlon,Hockey,Bojack Horseman,Evee->Vaporeon,Reddit,Yes,"Tea collecting, triathlon"
Jeffrey,DGS,Freshman,Coffee,Watermelon,Atom,Python,USA,Windows,Ant,Blue,ECE 314,Pokemon,Rice,2,35,Basketball,Basketball,Lost,dugtrio,Piazza,Yes,
Jennifer,Computer Science,Freshman,Vanilla Hazelnut,Mango,Atom,Python,China,Windows,Cat,Blue,CS 225,League of Legends,Ice cream,2.5,7,Swimming,Gymnastics,White Collar,Sylveon ,Twitter,Yes,YouTube
Jingxiang,Computer Science,Freshman,Mocha,Apple,Atom,Python,China,Windows,Dog,Blue,CS 199,HearthStone,Chicken,3,5,Basketball,Basketball,Big Bang Theory,Mew,WeChat,Yes,Sleep
John,DGS,Sophomore,Water,Strawberry,gedit,Java,USA,Windows,Penguin,Blue,CS 225,Runescape,Spaghetti,1,12,Track and Field,Football,Game of Thrones,Squirtle,Facebook,No,Track
Kai,Statistics,Junior,Latte,Strawberry,Atom,Python,China,Windows,Dog,Black,CS 225,DotA 2,Burger,2,7,Basketball,Basketball,Game of Thrones,,WeChat,Yes,
Keshav,Mechanical Engineering,Junior,Hazelnut Latte,Mango,Sublime Text,C++,India,Windows,Squirrel,,CS 225,FIFA,Chipotle,3,12,Basketball,Basketball,True Detective,Charizard,Facebook,Yes,Lifting
Keye,Material Science,Junior,Flat White,Mango,Atom,Python,China,Windows,Unicorn,Yellow,CS 225,FIFA,Ribeye,2,22,Swimming,Soccer,Breaking Bad,Charizard,Facebook,Yes,Guitar
Lance,Engineering mechanic,Sophomore,Hot Chocolate,Blueberry,vim,Python,China,Windows,Flamingo,Red,CS 225,Call of Duty,Steak,3,5,Rock Climbing,Badminton,,,Facebook,Yes,Sleep
Lingkai,Mathematics,Freshman,Strawberry Smoothie,Cherry,Atom,Java,China,Windows,Cat,Black,CS 225,DotA 2,Beef,2,14,Badminton,Football,,Charizard,WeChat,No,Movie
Majdi,Computer Engineering,Sophomore,,Blackberry,Sublime Text,Python,USA,Windows,Unicorn,Blue,CS 225,Skyrim,Steak,2,0,Soccer,,Westworld,Magikarp,Christian mingle,No,Sleep
May,Physics,Freshman,Latte,Banana,vim,C++,China,Windows,Elephant,Black,CS 296,StarCraft 2,Ice cream,2,55,Basketball,Basketball,The strain,Doremon,WeChat,No,Bodybuilding
Megha,Computer Science,Freshman,Bubble Tea,Mango,Visual Studio,C++,,OS X,Monkey,Orange,CS 296,,Dessert,2,,Eating,,Naruto,eevee,Snapchat,,Eating
Mengqi,Aerospace Engineering,Sophomore,Milk Tea,Banana,Atom,Python,China,Windows,Dog,Green,CS 225,Onmyouji,Sushi,2,7,Tennis,Tennis,,,WeChat,Yes,Drawing
Ophir,Computer Science,Freshman,Latte,Raspberries,vim,C++,"USA, California",Windows,Turtle,Turquoise,CS 225,CS:GO,Eggs,2,3,Basketball,Basketball,Breaking Bad,shrek,MySpace,Yes,Theatre
Peiyao,Computer Science,Freshman,Green Tea Latte,Orange,Atom,Python,China,Windows,Toad,Purple,MATH 415,Dangan Ronpa,Sushi,3,16,Eating,,Person of interest,,Bilibili,Yes,Anime
Peng,Computer Engineering,Sophomore,,Apple,gedit,Java,China,Windows,Toad,Red,EALC 130,Gundam Online,,3,66,Table Tennis,,闲人马大姐,sadoxi,WeChat,No,Cooking
Pengyu,CS + Statistics,Sophomore,Iced Tea,Apple,Sublime Text,C++,China,Windows,Dog,Black,CS 225,Path of Exile,Noodles,2,3,Swimming,Basketball,Westworld,,Piazza,No,Sleep
Phoebe,Architecture,Freshman,Frappuccino,Apple,Atom,C++,China,Windows,Squirrel,Green,CS 225,The Last of Us,Chocolate,2,5,Table Tennis,Volleyball,Friends,,,No,Music
Piotr,Computer Science,Freshman,Coffee,Apple,Notepad++,Binary,USA,Linux,Dog,Black,CS 126,The Witcher 3,,3,2,,,,,,Yes,
Rahul,Computer Science,Freshman,Caramel Mochiatto,Strawberry,Atom,JavaScript,"USA, Illinois",Linux,Tiger,Red,CS 296,Madden,Pizza,1,27,Baseball,Football,How I Met Your Mother,Inferno,Piazza,No,Guitar
Ray,Computer Science,Freshman,Water,Nectarine,vim,C#,"USA, Illinois",Linux,Bear,Green,CS 233,Faster Than Light,Fried rice,2,3,Tennis,Soccer,Red vs. Blue,Charizard,Snapchat,Yes,Chess
Riley,Computer Science,Freshman,Earl Grey Tea,Grape,vim,C++,USA,Windows,Frog,Green,CS 225,RB6:Siege,Burger,2,3,Basketball,Soccer,House of Cards,Rayquaza,4Chan,No,Kino
Rohit,Computer Science,Freshman,Mocha Frappucino,Apple,Visual Studio,Python,"USA, Colorado",Linux,Cheetah,Orange,CS 233,KSP,Chicken,,,Biking,,Westworld,,Twitter,Yes,Reading
Sanskruti,CS + Math,Sophomore,Hot Chocolate,Strawberry,vim,C++,India,OS X,Panda,Blue,CS 241,,Pizza,4,7,Basketball,Soccer,,,Facebook,Yes,Theatre
Seongsu,Computer Science,Sophomore,Iced Latte,Blueberry,vim,C++,South Korea,Linux,Dog,Black,CS 233,The Witcher 3,Pizza,2,11,Soccer,Soccer,Friends,Charizard,Facebook,No,Electric guitar
Shengkun,Computer Engineering,Junior,Bubble Tea,Apple,Atom,Python,China,Windows,Dog,Blue,CS 391,Ace combat,Lemon grass chicken,3,INT_MAX,Running,,Game of Thrones,,Piazza,Yes,
Shuchen,Computer Engineering,Sophomore,Mocha,Mango,vim,Python,China,OS X,Koala,Blue,ECE 385,,Mocha Ice cream,2,7,Biking,,Suits,,WeChat,Yes,
Siwei,Electrical Engineering,Sophomore,Water,Apple,Atom,C++,China,Windows,Human,Red,THEA 101,Overwatch,Animal,3,0,Skiing,F1,South Park,Snorlax,github,No,Skiing
Siyu,Electrical Engineering,Sophomore,Latte,Banana,Atom,Java,China,Windows,Cat,Blue,CS 225,DotA 2,Chimichanga,2,33,Football,eSports,Game of Thrones,chamander,Instagram,Yes,Guitar
Sudeep,Computer Engineering,Sophomore,Mountain Dew,Banana,Atom,Makefile,India,Windows,Dog,Black,ECE 385,Call of Duty,Pizza,3,3.141592654,Cricket,Cricket,Game of Thrones,Bulbasaur,Reddit,Some,Cooking
The,Computer Science,Freshman,Cappuccino,Banana,vim,Python,"USA, California",OS X,Dog,Blue,CS 397,,Bagels,1,649,Basketball,Soccer,Sherlock,,Facebook,Yes,Bug house
Travis,Computer Science,Freshman,Coffee,Nectarine,vim,C++,USA,Windows,Koala,Blue,CS 225,Risk,Sushi,2,31,Baseball,Table Tennis,Breaking Bad,,MySpace,Yes,Piano
Unknown,Computer Engineering,Sophomore,Hot Chocolate,Grape,gedit,C++,India,Windows,Falcon,Blue,CS 225,Destiny,,4,2,Basketball,Basketball,,Latios,,Yes,Basketball
Uttam,Mechanical Engineering,Freshman,Water,Mango,Atom,Fortran,USA,Windows,Quokka,Blue,STAT 400,Pong,Pizza,3,7,Eating,Soccer,Westworld,Ditto,IRC,Yes,Sleep
Will,Computer Engineering,Sophomore,Hot Chocolate,Blueberry,Atom,C++,USA,Windows,Prairie dog,Green,CS 296,MW2,Burrito,1.5,e,Frisbee,Basketball,Game of Thrones,Jigglypuff,Houseparty,No,Model UN
Xinyu,Computer Science,Freshman,Latte,Pineapple,Sublime Text,Java,China,Windows,Cat,Pink,CS 225,Borderlands 2,Ramen,3,444444444444,Sleeping,,TBBT,,Snapchat,No,Eating
Yajie,Computer Science,Sophomore,Milk Tea,Blueberry,Sublime Text,Python,China,Windows,Rabbit,Green,CS 296,,,2,,,,,,WeChat,Yes,
Yaoyang,CS + Math,Junior,Milk,,vim,C,China,Windows,Cat,Kuro,CS 498 AML,Onmyouji,Noodles,3,12,Sleeping,Flying,防务新观察,,QQ,Yes,
Yichen,Electrical Engineering,Sophomore,Bubble Tea,Watermelon,Atom,C,China,Windows,Tiger,Blue,MATH 416,NBA 2K,Cantonese cuisine,2,6,Basketball,Soccer,Big Bang Theory,Mewtwo,WeChat,No,Basketball
Yuanzhe,CS + Math,Junior,Peach Tea,Orange,vim,Haskell,China,OS X,Cat,White,MATH 412,Neko Atsume,Sushi,3,1024,Swimming,Soccer,,Togepi,WeChat,Yes,Cooking
Yuchen,Electrical Engineering,Sophomore,Bubble Tea,Orange,Atom,Matlab,China,Windows,,Blue,CS 225,,Sushi,,5,Badminton,,,,WeChat,Yes,Cooking
Yuxin,CS + Math,Freshman,Green Milk Tea,Orange,Atom,Java,China,Windows,Toad,Orange,CS 225,DotA 2,Sushi,2,,Badminton,Soccer,Game of Thrones,Pikachu,WeChat,Yes,Movie
Zecheng,Computer Science,Sophomore,Lemon Tea,Apple,vim,Python,China,Linux,Cat,Blue,CS 241,StarCraft 2,Sushi,2,8,Gaming,eSports,wawa,,WeChat,Yes,
Zehao,CS + Astronomy,Freshman,Americano,Banana,Atom,C++,China,Windows,Dog,Blue,CS 225,CS:GO,Chicken,2,7,Running,Basketball,Lost,,WeChat,No,Meditation
Zhe,Mathematics,Sophomore,Mint Mocha,Watermelon,Atom,C++,China,Windows,Graffiti,Green,CS 296,NBA 2K,Sushi,2.25,2,Coding,Basketball,Person of interest,Charmander,Reddit,No,Photography
Zhengdai,Computer Science,Freshman,Iced Tea,Watermelon,vim,C++,China,OS X,Panda,Blue,CS 225,Minecraft,Noodles,2,2147483647,Cycling,Football,Westworld,Marshtomp,Instagram,No,Photography
Ziang,Computer Science,Freshman,Bubble Tea,,Atom,Java,China,Windows,Cat,Black,CS 296,Overwatch,Bamboo shoot,2,666,,,,,WeChat,Yes,Gaming
Zifan,Mathematics,Freshman,Hot Chocolate,Mango,Sublime Text,Python,China,OS X,Wolf,Blue,CS 225,,Chocolate,3,3,Eating,,That 70's Show,,WeChat,Yes,Cello
Zifei,DGS,Freshman,Java Chip,Banana,Sublime Text,Java,China,Android,Dog,Green,CS 225,,Smash Potato,3,2,Ultimate Frisbee,Badminton,That 70's Show,,WeChat,Yes,Frisbee
Zihan,CS + Math,Freshman,Hot Chocolate,Watermelon,vim,Java,China,Windows,Cat,Blue,CS 296,Cards,Rice,2,7,Badminton,Soccer,,,WeChat,Yes,Chess
Zixin,DGS,Sophomore,Strawberry Lemonade ,Strawberry,Sublime Text,C++,China,Windows,Cat,Blue,CS 225,Battlefield 1,Noodles,2,8,Badminton,Basketball,Walking Dead,Charizard,github,No,Travel
,,,,,,,,,,,,0,,,,,,,,,,
,,,,,,,,,,,,0,,,,,,,,,,